<?xml version="1.0" encoding="UTF-8"?>
<project-private xmlns="http://www.netbeans.org/ns/project-private/1">
    <editor-bookmarks xmlns="http://www.netbeans.org/ns/editor-bookmarks/2" lastBookmarkId="0"/>
    <open-files xmlns="http://www.netbeans.org/ns/projectui-open-files/2">
        <group>
            <file>file:/C:/Users/geun/Documents/NetBeansProjects/info152/public_html/project/showAlbum.php</file>
            <file>file:/C:/Users/geun/Documents/NetBeansProjects/info152/public_html/project/index.html</file>
            <file>file:/C:/Users/geun/Documents/NetBeansProjects/info152/public_html/project/addPictures.php</file>
            <file>file:/C:/Users/geun/Documents/NetBeansProjects/info152/public_html/project/deleteAlbum.php</file>
            <file>file:/C:/Users/geun/Documents/NetBeansProjects/info152/public_html/project/main.css</file>
            <file>file:/C:/Users/geun/Documents/NetBeansProjects/info152/public_html/project/deletePictures.php</file>
            <file>file:/C:/Users/geun/Documents/NetBeansProjects/info152/public_html/project/showComments.php</file>
            <file>file:/C:/Users/geun/Documents/NetBeansProjects/info152/public_html/project/deleteComments.php</file>
            <file>file:/C:/Users/geun/Documents/NetBeansProjects/info152/public_html/project/main.js</file>
            <file>file:/C:/Users/geun/Documents/NetBeansProjects/info152/public_html/project/showPicture.php</file>
        </group>
    </open-files>
</project-private>
